step,timestamp,round_trip_ms,server_dt_ms,shape,nan_count,inf_count,max_first_step_delta,argmax_first_step_delta,max_step_delta,argmax_step_delta,limit_violations,ok,issues
0,1790746096.11054,466.86,458.6451740000257,30x14,0,0,0.02632984146475792,left_joint_5,0.008941650390625,right_joint_1,0,True,
1,1790746097.1129801,440.28,433.94660399997065,30x14,0,0,0.01694476045668125,right_joint_2,0.008941650390625,right_joint_1,0,True,
2,1790746098.1104019,440.57,434.65463600000476,30x14,0,0,0.01694476045668125,right_joint_2,0.01171875,right_gripper,0,True,
3,1790746099.110096,452.63,441.8969680000373,30x14,0,0,0.017216920852661133,right_joint_5,0.008941650390625,right_joint_1,0,True,
4,1790746100.1108134,439.46,433.1471039999997,30x14,0,0,0.01694476045668125,right_joint_2,0.01171875,left_gripper,0,True,
5,1790746101.1114018,438.95,433.0991690000019,30x14,0,0,0.02097308076918125,right_joint_2,0.008941650390625,right_joint_1,0,True,
6,1790746102.1113718,445.13,438.8460940000414,30x14,0,0,0.017216920852661133,right_joint_5,0.008941650390625,right_joint_1,0,True,
7,1790746103.1131783,443.9,438.3265910000773,30x14,0,0,0.01876148208975792,left_joint_5,0.01171875,right_gripper,0,True,
8,1790746104.1132724,442.1,436.4233779999722,30x14,0,0,0.017216920852661133,right_joint_5,0.008941650390625,right_joint_1,0,True,
9,1790746105.1139083,439.48,433.56379599993033,30x14,0,0,0.01694476045668125,right_joint_2,0.015625,right_gripper,0,True,
10,1790746106.1160462,444.33,438.24563400005445,30x14,0,0,0.01694476045668125,right_joint_2,0.0120849609375,right_joint_2,0,True,
11,1790746107.117329,444.52,437.41957100007767,30x14,0,0,0.02097308076918125,right_joint_2,0.008941650390625,right_joint_1,0,True,
12,1790746108.1176872,443.85,436.8920029999117,30x14,0,0,0.01694476045668125,right_joint_2,0.01171875,right_gripper,0,True,
13,1790746109.1151035,446.85,440.55683400006274,30x14,0,0,0.01694476045668125,right_joint_2,0.008941650390625,right_joint_1,0,True,
14,1790746110.1175997,440.97,435.02440400004616,30x14,0,0,0.01694476045668125,right_joint_2,0.008941650390625,right_joint_1,0,True,
15,1790746111.1197855,440.99,433.7870760000442,30x14,0,0,0.02254566177725792,left_joint_5,0.008941650390625,right_joint_1,0,True,
16,1790746112.1229556,444.17,437.4372830000084,30x14,0,0,0.02097308076918125,right_joint_2,0.0120849609375,right_joint_2,0,True,
17,1790746113.1180627,445.46,439.43681900009324,30x14,0,0,0.01694476045668125,right_joint_2,0.008941650390625,right_joint_1,0,True,
18,1790746114.120852,446.79,440.86291399992206,30x14,0,0,0.01876148208975792,left_joint_5,0.008941650390625,right_joint_1,0,True,
19,1790746115.1187665,442.1,436.00809800000206,30x14,0,0,0.01694476045668125,right_joint_2,0.008758544921875,left_joint_1,0,True,
20,1790746116.119372,447.21,441.1470890000828,30x14,0,0,0.02097308076918125,right_joint_2,0.008941650390625,right_joint_1,0,True,
21,1790746117.1232963,447.72,441.7732800000067,30x14,0,0,0.02500140108168125,right_joint_2,0.006591796875,right_joint_3,0,True,
22,1790746118.1208062,438.41,432.2251989999586,30x14,0,0,0.02632984146475792,left_joint_5,0.01318359375,right_joint_3,0,True,
23,1790746119.1232755,446.75,440.97903900001256,30x14,0,0,0.017216920852661133,right_joint_5,0.008941650390625,right_joint_1,0,True,
24,1790746120.122375,441.59,435.77665299994806,30x14,0,0,0.01694476045668125,right_joint_2,0.008941650390625,right_joint_1,0,True,
25,1790746121.1219501,446.83,440.8841240000356,30x14,0,0,0.020943481475114822,left_joint_5,0.01171875,right_gripper,0,True,
26,1790746122.1267364,437.49,431.809001999909,30x14,0,0,0.01876148208975792,left_joint_5,0.008758544921875,left_joint_1,0,True,
27,1790746123.1234622,444.74,438.22703299997556,30x14,0,0,0.01694476045668125,right_joint_2,0.011962890625,right_joint_2,0,True,
28,1790746124.128925,445.15,439.2493990000048,30x14,0,0,0.02376636490225792,left_joint_5,0.008941650390625,right_joint_1,0,True,
29,1790746125.1237679,444.86,438.6216540000305,30x14,0,0,0.01876148208975792,left_joint_5,0.01171875,right_gripper,0,True,
